"","AVERAGE","GSM15972","GSM15973","GSM15974","GSM15975"
"AATF",0.0124950970691895,0.0147441577282958,0.0129449092010107,0.00988618670462609,0.0124051346428252
"ABL1",0.0124950970691895,0.0147441577282958,0.0129449092010107,0.00988618670462609,0.0124051346428252
"AES",0.0124950970691895,0.0147441577282958,0.0129449092010107,0.00988618670462609,0.0124051346428252
"AHR",0.0124950970691895,0.0147441577282958,0.0129449092010107,0.00988618670462609,0.0124051346428252
"AIP",0.0124950970691895,0.0147441577282958,0.0129449092010107,0.00988618670462609,0.0124051346428252
"AIRE",0.0124950970691895,0.0147441577282958,0.0129449092010107,0.00988618670462609,0.0124051346428252
"ANKRD1",0.0124950970691895,0.0147441577282958,0.0129449092010107,0.00988618670462609,0.0124051346428252
"APBB1",0.0124950970691895,0.0147441577282958,0.0129449092010107,0.00988618670462609,0.0124051346428252
"APC",0.0124950970691895,0.0147441577282958,0.0129449092010107,0.00988618670462609,0.0124051346428252
"APEX1",0.0124950970691895,0.0147441577282958,0.0129449092010107,0.00988618670462609,0.0124051346428252
"AR",0.0124950970691895,0.0147441577282958,0.0129449092010107,0.00988618670462609,0.0124051346428252
"ARID1A",0.0124950970691895,0.0147441577282958,0.0129449092010107,0.00988618670462609,0.0124051346428252
"ARID1B",0.0124950970691895,0.0147441577282958,0.0129449092010107,0.00988618670462609,0.0124051346428252
"ARID3A",0.0124950970691895,0.0147441577282958,0.0129449092010107,0.00988618670462609,0.0124051346428252
"ARNT",0.0124950970691895,0.0147441577282958,0.0129449092010107,0.00988618670462609,0.0124051346428252
"ARNTL",0.0124950970691895,0.0147441577282958,0.0129449092010107,0.00988618670462609,0.0124051346428252
"ARNTL2",0.0124950970691895,0.0147441577282958,0.0129449092010107,0.00988618670462609,0.0124051346428252
"ARX",0.0124950970691895,0.0147441577282958,0.0129449092010107,0.00988618670462609,0.0124051346428252
"ASCL1",0.0124950970691895,0.0147441577282958,0.0129449092010107,0.00988618670462609,0.0124051346428252
"ASH1L",0.0124950970691895,0.0147441577282958,0.0129449092010107,0.00988618670462609,0.0124051346428252
"ASXL1",0.0124950970691895,0.0147441577282958,0.0129449092010107,0.00988618670462609,0.0124051346428252
"ATF1",0.0124950970691895,0.0147441577282958,0.0129449092010107,0.00988618670462609,0.0124051346428252
"ATF2",0.0124950970691895,0.0147441577282958,0.0129449092010107,0.00988618670462609,0.0124051346428252
"ATF3",0.0124950970691895,0.0147441577282958,0.0129449092010107,0.00988618670462609,0.0124051346428252
"ATF4",0.0124950970691895,0.0147441577282958,0.0129449092010107,0.00988618670462609,0.0124051346428252
"ATF5",0.0124950970691895,0.0147441577282958,0.0129449092010107,0.00988618670462609,0.0124051346428252
"ATF6",0.0124950970691895,0.0147441577282958,0.0129449092010107,0.00988618670462609,0.0124051346428252
"ATF7",0.0124950970691895,0.0147441577282958,0.0129449092010107,0.00988618670462609,0.0124051346428252
"ATM",0.0124950970691895,0.0147441577282958,0.0129449092010107,0.00988618670462609,0.0124051346428252
"ATOH1",0.0124950970691895,0.0147441577282958,0.0129449092010107,0.00988618670462609,0.0124051346428252
"ATRX",0.0124950970691895,0.0147441577282958,0.0129449092010107,0.00988618670462609,0.0124051346428252
"BACH1",0.0124950970691895,0.0147441577282958,0.0129449092010107,0.00988618670462609,0.0124051346428252
"BACH2",0.0124950970691895,0.0147441577282958,0.0129449092010107,0.00988618670462609,0.0124051346428252
"BARD1",0.0124950970691895,0.0147441577282958,0.0129449092010107,0.00988618670462609,0.0124051346428252
"BARX2",0.0124950970691895,0.0147441577282958,0.0129449092010107,0.00988618670462609,0.0124051346428252
"BATF",0.0124950970691895,0.0147441577282958,0.0129449092010107,0.00988618670462609,0.0124051346428252
"BCL11A",0.0124950970691895,0.0147441577282958,0.0129449092010107,0.00988618670462609,0.0124051346428252
"BCL3",0.0124950970691895,0.0147441577282958,0.0129449092010107,0.00988618670462609,0.0124051346428252
"BCL6",0.0124950970691895,0.0147441577282958,0.0129449092010107,0.00988618670462609,0.0124051346428252
"BDP1",0.0124950970691895,0.0147441577282958,0.0129449092010107,0.00988618670462609,0.0124051346428252
"BHLHE41",0.0124950970691895,0.0147441577282958,0.0129449092010107,0.00988618670462609,0.0124051346428252
"BIN1",0.0124950970691895,0.0147441577282958,0.0129449092010107,0.00988618670462609,0.0124051346428252
"BMI1",0.0124950970691895,0.0147441577282958,0.0129449092010107,0.00988618670462609,0.0124051346428252
"BPTF",0.0124950970691895,0.0147441577282958,0.0129449092010107,0.00988618670462609,0.0124051346428252
"BRCA1",0.0124950970691895,0.0147441577282958,0.0129449092010107,0.00988618670462609,0.0124051346428252
"BRCA2",0.0124950970691895,0.0147441577282958,0.0129449092010107,0.00988618670462609,0.0124051346428252
"BRD7",0.0124950970691895,0.0147441577282958,0.0129449092010107,0.00988618670462609,0.0124051346428252
"BRIP1",0.0124950970691895,0.0147441577282958,0.0129449092010107,0.00988618670462609,0.0124051346428252
"BRPF1",0.0124950970691895,0.0147441577282958,0.0129449092010107,0.00988618670462609,0.0124051346428252
"BTAF1",0.0124950970691895,0.0147441577282958,0.0129449092010107,0.00988618670462609,0.0124051346428252
"BTF3",0.0124950970691895,0.0147441577282958,0.0129449092010107,0.00988618670462609,0.0124051346428252
"BTG2",0.0124950970691895,0.0147441577282958,0.0129449092010107,0.00988618670462609,0.0124051346428252
"CBFA2T3",0.0124950970691895,0.0147441577282958,0.0129449092010107,0.00988618670462609,0.0124051346428252
"CBFB",0.0124950970691895,0.0147441577282958,0.0129449092010107,0.00988618670462609,0.0124051346428252
"CBX7",0.0124950970691895,0.0147441577282958,0.0129449092010107,0.00988618670462609,0.0124051346428252
"CBX8",0.0124950970691895,0.0147441577282958,0.0129449092010107,0.00988618670462609,0.0124051346428252
"CDC5L",0.0124950970691895,0.0147441577282958,0.0129449092010107,0.00988618670462609,0.0124051346428252
"CDCA7L",0.0124950970691895,0.0147441577282958,0.0129449092010107,0.00988618670462609,0.0124051346428252
"CDX1",0.0124950970691895,0.0147441577282958,0.0129449092010107,0.00988618670462609,0.0124051346428252
"CDX2",0.0124950970691895,0.0147441577282958,0.0129449092010107,0.00988618670462609,0.0124051346428252
"CEBPA",0.0124950970691895,0.0147441577282958,0.0129449092010107,0.00988618670462609,0.0124051346428252
"CEBPB",0.0124950970691895,0.0147441577282958,0.0129449092010107,0.00988618670462609,0.0124051346428252
"CEBPD",0.0124950970691895,0.0147441577282958,0.0129449092010107,0.00988618670462609,0.0124051346428252
"CEBPE",0.0124950970691895,0.0147441577282958,0.0129449092010107,0.00988618670462609,0.0124051346428252
"CEBPG",0.0124950970691895,0.0147441577282958,0.0129449092010107,0.00988618670462609,0.0124051346428252
"CEBPZ",0.0124950970691895,0.0147441577282958,0.0129449092010107,0.00988618670462609,0.0124051346428252
"CHD4",0.0124950970691895,0.0147441577282958,0.0129449092010107,0.00988618670462609,0.0124051346428252
"CHD8",0.0124950970691895,0.0147441577282958,0.0129449092010107,0.00988618670462609,0.0124051346428252
"CIITA",0.0124950970691895,0.0147441577282958,0.0129449092010107,0.00988618670462609,0.0124051346428252
"CITED2",0.0124950970691895,0.0147441577282958,0.0129449092010107,0.00988618670462609,0.0124051346428252
"CLOCK",0.0124950970691895,0.0147441577282958,0.0129449092010107,0.00988618670462609,0.0124051346428252
"CNBP",0.0124950970691895,0.0147441577282958,0.0129449092010107,0.00988618670462609,0.0124051346428252
"CNOT7",0.0124950970691895,0.0147441577282958,0.0129449092010107,0.00988618670462609,0.0124051346428252
"CNOT8",0.0124950970691895,0.0147441577282958,0.0129449092010107,0.00988618670462609,0.0124051346428252
"COPS5",0.0124950970691895,0.0147441577282958,0.0129449092010107,0.00988618670462609,0.0124051346428252
"CRABP2",0.0124950970691895,0.0147441577282958,0.0129449092010107,0.00988618670462609,0.0124051346428252
"CREB1",0.0124950970691895,0.0147441577282958,0.0129449092010107,0.00988618670462609,0.0124051346428252
"CREB3",0.0124950970691895,0.0147441577282958,0.0129449092010107,0.00988618670462609,0.0124051346428252
"CREB3L1",0.0124950970691895,0.0147441577282958,0.0129449092010107,0.00988618670462609,0.0124051346428252
"CREB3L4",0.0124950970691895,0.0147441577282958,0.0129449092010107,0.00988618670462609,0.0124051346428252
"CREB5",0.0124950970691895,0.0147441577282958,0.0129449092010107,0.00988618670462609,0.0124051346428252
"CREBBP",0.0124950970691895,0.0147441577282958,0.0129449092010107,0.00988618670462609,0.0124051346428252
"CREG1",0.0124950970691895,0.0147441577282958,0.0129449092010107,0.00988618670462609,0.0124051346428252
"CREM",0.0124950970691895,0.0147441577282958,0.0129449092010107,0.00988618670462609,0.0124051346428252
"CRTC1",0.0124950970691895,0.0147441577282958,0.0129449092010107,0.00988618670462609,0.0124051346428252
"CRX",0.0124950970691895,0.0147441577282958,0.0129449092010107,0.00988618670462609,0.0124051346428252
"CTBP1",0.0124950970691895,0.0147441577282958,0.0129449092010107,0.00988618670462609,0.0124051346428252
"CTCF",0.0124950970691895,0.0147441577282958,0.0129449092010107,0.00988618670462609,0.0124051346428252
"CTCFL",0.0124950970691895,0.0147441577282958,0.0129449092010107,0.00988618670462609,0.0124051346428252
"CTNNB1",0.0124950970691895,0.0147441577282958,0.0129449092010107,0.00988618670462609,0.0124051346428252
"CTNNBIP1",0.0124950970691895,0.0147441577282958,0.0129449092010107,0.00988618670462609,0.0124051346428252
"CUX1",0.0124950970691895,0.0147441577282958,0.0129449092010107,0.00988618670462609,0.0124051346428252
"DACH1",0.0124950970691895,0.0147441577282958,0.0129449092010107,0.00988618670462609,0.0124051346428252
"DAXX",0.0124950970691895,0.0147441577282958,0.0129449092010107,0.00988618670462609,0.0124051346428252
"DBP",0.0124950970691895,0.0147441577282958,0.0129449092010107,0.00988618670462609,0.0124051346428252
"DDB1",0.0124950970691895,0.0147441577282958,0.0129449092010107,0.00988618670462609,0.0124051346428252
"DDB2",0.0124950970691895,0.0147441577282958,0.0129449092010107,0.00988618670462609,0.0124051346428252
"DDIT3",0.0124950970691895,0.0147441577282958,0.0129449092010107,0.00988618670462609,0.0124051346428252
"DDX5",0.0124950970691895,0.0147441577282958,0.0129449092010107,0.00988618670462609,0.0124051346428252
"DEAF1",0.0124950970691895,0.0147441577282958,0.0129449092010107,0.00988618670462609,0.0124051346428252
"DEDD",0.0124950970691895,0.0147441577282958,0.0129449092010107,0.00988618670462609,0.0124051346428252
"DEK",0.0124950970691895,0.0147441577282958,0.0129449092010107,0.00988618670462609,0.0124051346428252
"DENND4A",0.0124950970691895,0.0147441577282958,0.0129449092010107,0.00988618670462609,0.0124051346428252
"DLX3",0.0124950970691895,0.0147441577282958,0.0129449092010107,0.00988618670462609,0.0124051346428252
"DLX4",0.0124950970691895,0.0147441577282958,0.0129449092010107,0.00988618670462609,0.0124051346428252
"DLX5",0.0124950970691895,0.0147441577282958,0.0129449092010107,0.00988618670462609,0.0124051346428252
"DMAP1",0.0124950970691895,0.0147441577282958,0.0129449092010107,0.00988618670462609,0.0124051346428252
"DNMT1",0.0124950970691895,0.0147441577282958,0.0129449092010107,0.00988618670462609,0.0124051346428252
"DNMT3A",0.0124950970691895,0.0147441577282958,0.0129449092010107,0.00988618670462609,0.0124051346428252
"DNMT3L",0.0124950970691895,0.0147441577282958,0.0129449092010107,0.00988618670462609,0.0124051346428252
"DR1",0.0124950970691895,0.0147441577282958,0.0129449092010107,0.00988618670462609,0.0124051346428252
"DRAP1",0.0124950970691895,0.0147441577282958,0.0129449092010107,0.00988618670462609,0.0124051346428252
"DUX4",0.0124950970691895,0.0147441577282958,0.0129449092010107,0.00988618670462609,0.0124051346428252
"E2F1",0.0124950970691895,0.0147441577282958,0.0129449092010107,0.00988618670462609,0.0124051346428252
"E2F2",0.0124950970691895,0.0147441577282958,0.0129449092010107,0.00988618670462609,0.0124051346428252
"E2F3",0.0124950970691895,0.0147441577282958,0.0129449092010107,0.00988618670462609,0.0124051346428252
"E2F4",0.0124950970691895,0.0147441577282958,0.0129449092010107,0.00988618670462609,0.0124051346428252
"E2F5",0.0124950970691895,0.0147441577282958,0.0129449092010107,0.00988618670462609,0.0124051346428252
"E2F6",0.0124950970691895,0.0147441577282958,0.0129449092010107,0.00988618670462609,0.0124051346428252
"E2F7",0.0124950970691895,0.0147441577282958,0.0129449092010107,0.00988618670462609,0.0124051346428252
"E2F8",0.0124950970691895,0.0147441577282958,0.0129449092010107,0.00988618670462609,0.0124051346428252
"E4F1",0.0124950970691895,0.0147441577282958,0.0129449092010107,0.00988618670462609,0.0124051346428252
"EAF1",0.0124950970691895,0.0147441577282958,0.0129449092010107,0.00988618670462609,0.0124051346428252
"EAPP",0.0124950970691895,0.0147441577282958,0.0129449092010107,0.00988618670462609,0.0124051346428252
"EBF1",0.0124950970691895,0.0147441577282958,0.0129449092010107,0.00988618670462609,0.0124051346428252
"EBF3",0.0124950970691895,0.0147441577282958,0.0129449092010107,0.00988618670462609,0.0124051346428252
"ECD",0.0124950970691895,0.0147441577282958,0.0129449092010107,0.00988618670462609,0.0124051346428252
"EED",0.0124950970691895,0.0147441577282958,0.0129449092010107,0.00988618670462609,0.0124051346428252
"EGF",0.0124950970691895,0.0147441577282958,0.0129449092010107,0.00988618670462609,0.0124051346428252
"EGR1",0.0124950970691895,0.0147441577282958,0.0129449092010107,0.00988618670462609,0.0124051346428252
"EGR2",0.0124950970691895,0.0147441577282958,0.0129449092010107,0.00988618670462609,0.0124051346428252
"EGR3",0.0124950970691895,0.0147441577282958,0.0129449092010107,0.00988618670462609,0.0124051346428252
"EHF",0.0124950970691895,0.0147441577282958,0.0129449092010107,0.00988618670462609,0.0124051346428252
"EHMT2",0.0124950970691895,0.0147441577282958,0.0129449092010107,0.00988618670462609,0.0124051346428252
"EIF2AK2",0.0124950970691895,0.0147441577282958,0.0129449092010107,0.00988618670462609,0.0124051346428252
"ELF1",0.0124950970691895,0.0147441577282958,0.0129449092010107,0.00988618670462609,0.0124051346428252
"ELF2",0.0124950970691895,0.0147441577282958,0.0129449092010107,0.00988618670462609,0.0124051346428252
"ELF3",0.0124950970691895,0.0147441577282958,0.0129449092010107,0.00988618670462609,0.0124051346428252
"ELF4",0.0124950970691895,0.0147441577282958,0.0129449092010107,0.00988618670462609,0.0124051346428252
"ELK1",0.0124950970691895,0.0147441577282958,0.0129449092010107,0.00988618670462609,0.0124051346428252
"ELK3",0.0124950970691895,0.0147441577282958,0.0129449092010107,0.00988618670462609,0.0124051346428252
"ELK4",0.0124950970691895,0.0147441577282958,0.0129449092010107,0.00988618670462609,0.0124051346428252
"ELL",0.0124950970691895,0.0147441577282958,0.0129449092010107,0.00988618670462609,0.0124051346428252
"EN1",0.0124950970691895,0.0147441577282958,0.0129449092010107,0.00988618670462609,0.0124051346428252
"ENO1",0.0124950970691895,0.0147441577282958,0.0129449092010107,0.00988618670462609,0.0124051346428252
"EOMES",0.0124950970691895,0.0147441577282958,0.0129449092010107,0.00988618670462609,0.0124051346428252
"EP300",0.0124950970691895,0.0147441577282958,0.0129449092010107,0.00988618670462609,0.0124051346428252
"EPAS1",0.0124950970691895,0.0147441577282958,0.0129449092010107,0.00988618670462609,0.0124051346428252
"ERCC2",0.0124950970691895,0.0147441577282958,0.0129449092010107,0.00988618670462609,0.0124051346428252
"ERF",0.0124950970691895,0.0147441577282958,0.0129449092010107,0.00988618670462609,0.0124051346428252
"ERG",0.0124950970691895,0.0147441577282958,0.0129449092010107,0.00988618670462609,0.0124051346428252
"ESR1",0.0124950970691895,0.0147441577282958,0.0129449092010107,0.00988618670462609,0.0124051346428252
"ESR2",0.0124950970691895,0.0147441577282958,0.0129449092010107,0.00988618670462609,0.0124051346428252
"ESRRA",0.0124950970691895,0.0147441577282958,0.0129449092010107,0.00988618670462609,0.0124051346428252
"ESRRB",0.0124950970691895,0.0147441577282958,0.0129449092010107,0.00988618670462609,0.0124051346428252
"ESRRG",0.0124950970691895,0.0147441577282958,0.0129449092010107,0.00988618670462609,0.0124051346428252
"ETS1",0.0124950970691895,0.0147441577282958,0.0129449092010107,0.00988618670462609,0.0124051346428252
"ETS2",0.0124950970691895,0.0147441577282958,0.0129449092010107,0.00988618670462609,0.0124051346428252
"ETV1",0.0124950970691895,0.0147441577282958,0.0129449092010107,0.00988618670462609,0.0124051346428252
"ETV3",0.0124950970691895,0.0147441577282958,0.0129449092010107,0.00988618670462609,0.0124051346428252
"ETV4",0.0124950970691895,0.0147441577282958,0.0129449092010107,0.00988618670462609,0.0124051346428252
"ETV5",0.0124950970691895,0.0147441577282958,0.0129449092010107,0.00988618670462609,0.0124051346428252
"ETV6",0.0124950970691895,0.0147441577282958,0.0129449092010107,0.00988618670462609,0.0124051346428252
"ETV7",0.0124950970691895,0.0147441577282958,0.0129449092010107,0.00988618670462609,0.0124051346428252
"EVX1",0.0124950970691895,0.0147441577282958,0.0129449092010107,0.00988618670462609,0.0124051346428252
"EWSR1",0.0124950970691895,0.0147441577282958,0.0129449092010107,0.00988618670462609,0.0124051346428252
"EZH2",0.0124950970691895,0.0147441577282958,0.0129449092010107,0.00988618670462609,0.0124051346428252
"FHL2",0.0124950970691895,0.0147441577282958,0.0129449092010107,0.00988618670462609,0.0124051346428252
"FIGLA",0.0124950970691895,0.0147441577282958,0.0129449092010107,0.00988618670462609,0.0124051346428252
"FLI1",0.0124950970691895,0.0147441577282958,0.0129449092010107,0.00988618670462609,0.0124051346428252
"FOS",0.0124950970691895,0.0147441577282958,0.0129449092010107,0.00988618670462609,0.0124051346428252
"FOSB",0.0124950970691895,0.0147441577282958,0.0129449092010107,0.00988618670462609,0.0124051346428252
"FOSL1",0.0124950970691895,0.0147441577282958,0.0129449092010107,0.00988618670462609,0.0124051346428252
"FOSL2",0.0124950970691895,0.0147441577282958,0.0129449092010107,0.00988618670462609,0.0124051346428252
"FOXA1",0.0124950970691895,0.0147441577282958,0.0129449092010107,0.00988618670462609,0.0124051346428252
"FOXA2",0.0124950970691895,0.0147441577282958,0.0129449092010107,0.00988618670462609,0.0124051346428252
"FOXA3",0.0124950970691895,0.0147441577282958,0.0129449092010107,0.00988618670462609,0.0124051346428252
"FOXC1",0.0124950970691895,0.0147441577282958,0.0129449092010107,0.00988618670462609,0.0124051346428252
"FOXC2",0.0124950970691895,0.0147441577282958,0.0129449092010107,0.00988618670462609,0.0124051346428252
"FOXD3",0.0124950970691895,0.0147441577282958,0.0129449092010107,0.00988618670462609,0.0124051346428252
"FOXE1",0.0124950970691895,0.0147441577282958,0.0129449092010107,0.00988618670462609,0.0124051346428252
"FOXF1",0.0124950970691895,0.0147441577282958,0.0129449092010107,0.00988618670462609,0.0124051346428252
"FOXF2",0.0124950970691895,0.0147441577282958,0.0129449092010107,0.00988618670462609,0.0124051346428252
"FOXG1",0.0124950970691895,0.0147441577282958,0.0129449092010107,0.00988618670462609,0.0124051346428252
"FOXH1",0.0124950970691895,0.0147441577282958,0.0129449092010107,0.00988618670462609,0.0124051346428252
"FOXI1",0.0124950970691895,0.0147441577282958,0.0129449092010107,0.00988618670462609,0.0124051346428252
"FOXJ1",0.0124950970691895,0.0147441577282958,0.0129449092010107,0.00988618670462609,0.0124051346428252
"FOXK2",0.0124950970691895,0.0147441577282958,0.0129449092010107,0.00988618670462609,0.0124051346428252
"FOXL1",0.0124950970691895,0.0147441577282958,0.0129449092010107,0.00988618670462609,0.0124051346428252
"FOXL2",0.0124950970691895,0.0147441577282958,0.0129449092010107,0.00988618670462609,0.0124051346428252
"FOXM1",0.0124950970691895,0.0147441577282958,0.0129449092010107,0.00988618670462609,0.0124051346428252
"FOXN1",0.0124950970691895,0.0147441577282958,0.0129449092010107,0.00988618670462609,0.0124051346428252
"FOXN4",0.0124950970691895,0.0147441577282958,0.0129449092010107,0.00988618670462609,0.0124051346428252
"FOXO1",0.0124950970691895,0.0147441577282958,0.0129449092010107,0.00988618670462609,0.0124051346428252
"FOXO3",0.0124950970691895,0.0147441577282958,0.0129449092010107,0.00988618670462609,0.0124051346428252
"FOXO4",0.0124950970691895,0.0147441577282958,0.0129449092010107,0.00988618670462609,0.0124051346428252
"FOXP1",0.0124950970691895,0.0147441577282958,0.0129449092010107,0.00988618670462609,0.0124051346428252
"FOXP2",0.0124950970691895,0.0147441577282958,0.0129449092010107,0.00988618670462609,0.0124051346428252
"FOXP3",0.0124950970691895,0.0147441577282958,0.0129449092010107,0.00988618670462609,0.0124051346428252
"FOXQ1",0.0124950970691895,0.0147441577282958,0.0129449092010107,0.00988618670462609,0.0124051346428252
"FUBP1",0.0124950970691895,0.0147441577282958,0.0129449092010107,0.00988618670462609,0.0124051346428252
"FUBP3",0.0124950970691895,0.0147441577282958,0.0129449092010107,0.00988618670462609,0.0124051346428252
"FUS",0.0124950970691895,0.0147441577282958,0.0129449092010107,0.00988618670462609,0.0124051346428252
"GABPA",0.0124950970691895,0.0147441577282958,0.0129449092010107,0.00988618670462609,0.0124051346428252
"GABPB1",0.0124950970691895,0.0147441577282958,0.0129449092010107,0.00988618670462609,0.0124051346428252
"GABPB2",0.0124950970691895,0.0147441577282958,0.0129449092010107,0.00988618670462609,0.0124051346428252
"GATA1",0.0124950970691895,0.0147441577282958,0.0129449092010107,0.00988618670462609,0.0124051346428252
"GATA2",0.0124950970691895,0.0147441577282958,0.0129449092010107,0.00988618670462609,0.0124051346428252
"GATA3",0.0124950970691895,0.0147441577282958,0.0129449092010107,0.00988618670462609,0.0124051346428252
"GATA4",0.0124950970691895,0.0147441577282958,0.0129449092010107,0.00988618670462609,0.0124051346428252
"GATA5",0.0124950970691895,0.0147441577282958,0.0129449092010107,0.00988618670462609,0.0124051346428252
"GATA6",0.0124950970691895,0.0147441577282958,0.0129449092010107,0.00988618670462609,0.0124051346428252
"GBX2",0.0124950970691895,0.0147441577282958,0.0129449092010107,0.00988618670462609,0.0124051346428252
"GCM1",0.0124950970691895,0.0147441577282958,0.0129449092010107,0.00988618670462609,0.0124051346428252
"GCM2",0.0124950970691895,0.0147441577282958,0.0129449092010107,0.00988618670462609,0.0124051346428252
"GFI1",0.0124950970691895,0.0147441577282958,0.0129449092010107,0.00988618670462609,0.0124051346428252
"GFI1B",0.0124950970691895,0.0147441577282958,0.0129449092010107,0.00988618670462609,0.0124051346428252
"GLI1",0.0124950970691895,0.0147441577282958,0.0129449092010107,0.00988618670462609,0.0124051346428252
"GLI2",0.0124950970691895,0.0147441577282958,0.0129449092010107,0.00988618670462609,0.0124051346428252
"GLI3",0.0124950970691895,0.0147441577282958,0.0129449092010107,0.00988618670462609,0.0124051346428252
"GLIS3",0.0124950970691895,0.0147441577282958,0.0129449092010107,0.00988618670462609,0.0124051346428252
"GRHL1",0.0124950970691895,0.0147441577282958,0.0129449092010107,0.00988618670462609,0.0124051346428252
"GSC",0.0124950970691895,0.0147441577282958,0.0129449092010107,0.00988618670462609,0.0124051346428252
"GTF2A1",0.0124950970691895,0.0147441577282958,0.0129449092010107,0.00988618670462609,0.0124051346428252
"GTF2B",0.0124950970691895,0.0147441577282958,0.0129449092010107,0.00988618670462609,0.0124051346428252
"GTF2F1",0.0124950970691895,0.0147441577282958,0.0129449092010107,0.00988618670462609,0.0124051346428252
"GTF2I",0.0124950970691895,0.0147441577282958,0.0129449092010107,0.00988618670462609,0.0124051346428252
"GTF3A",0.0124950970691895,0.0147441577282958,0.0129449092010107,0.00988618670462609,0.0124051346428252
"GZF1",0.0124950970691895,0.0147441577282958,0.0129449092010107,0.00988618670462609,0.0124051346428252
"HAND2",0.0124950970691895,0.0147441577282958,0.0129449092010107,0.00988618670462609,0.0124051346428252
"HAX1",0.0124950970691895,0.0147441577282958,0.0129449092010107,0.00988618670462609,0.0124051346428252
"HBP1",0.0124950970691895,0.0147441577282958,0.0129449092010107,0.00988618670462609,0.0124051346428252
"HCFC1",0.0124950970691895,0.0147441577282958,0.0129449092010107,0.00988618670462609,0.0124051346428252
"HDAC1",0.0124950970691895,0.0147441577282958,0.0129449092010107,0.00988618670462609,0.0124051346428252
"HDAC10",0.0124950970691895,0.0147441577282958,0.0129449092010107,0.00988618670462609,0.0124051346428252
"HDAC11",0.0124950970691895,0.0147441577282958,0.0129449092010107,0.00988618670462609,0.0124051346428252
"HDAC2",0.0124950970691895,0.0147441577282958,0.0129449092010107,0.00988618670462609,0.0124051346428252
"HDAC3",0.0124950970691895,0.0147441577282958,0.0129449092010107,0.00988618670462609,0.0124051346428252
"HDAC4",0.0124950970691895,0.0147441577282958,0.0129449092010107,0.00988618670462609,0.0124051346428252
"HDAC5",0.0124950970691895,0.0147441577282958,0.0129449092010107,0.00988618670462609,0.0124051346428252
"HDAC7",0.0124950970691895,0.0147441577282958,0.0129449092010107,0.00988618670462609,0.0124051346428252
"HDAC9",0.0124950970691895,0.0147441577282958,0.0129449092010107,0.00988618670462609,0.0124051346428252
"HDGF",0.0124950970691895,0.0147441577282958,0.0129449092010107,0.00988618670462609,0.0124051346428252
"HES1",0.0124950970691895,0.0147441577282958,0.0129449092010107,0.00988618670462609,0.0124051346428252
"HES6",0.0124950970691895,0.0147441577282958,0.0129449092010107,0.00988618670462609,0.0124051346428252
"HEXIM1",0.0124950970691895,0.0147441577282958,0.0129449092010107,0.00988618670462609,0.0124051346428252
"HEY1",0.0124950970691895,0.0147441577282958,0.0129449092010107,0.00988618670462609,0.0124051346428252
"HEY2",0.0124950970691895,0.0147441577282958,0.0129449092010107,0.00988618670462609,0.0124051346428252
"HEYL",0.0124950970691895,0.0147441577282958,0.0129449092010107,0.00988618670462609,0.0124051346428252
"HHEX",0.0124950970691895,0.0147441577282958,0.0129449092010107,0.00988618670462609,0.0124051346428252
"HIC1",0.0124950970691895,0.0147441577282958,0.0129449092010107,0.00988618670462609,0.0124051346428252
"HIF1A",0.0124950970691895,0.0147441577282958,0.0129449092010107,0.00988618670462609,0.0124051346428252
"HIF3A",0.0124950970691895,0.0147441577282958,0.0129449092010107,0.00988618670462609,0.0124051346428252
"HINFP",0.0124950970691895,0.0147441577282958,0.0129449092010107,0.00988618670462609,0.0124051346428252
"HIPK2",0.0124950970691895,0.0147441577282958,0.0129449092010107,0.00988618670462609,0.0124051346428252
"HIRA",0.0124950970691895,0.0147441577282958,0.0129449092010107,0.00988618670462609,0.0124051346428252
"HIVEP2",0.0124950970691895,0.0147441577282958,0.0129449092010107,0.00988618670462609,0.0124051346428252
"HLF",0.0124950970691895,0.0147441577282958,0.0129449092010107,0.00988618670462609,0.0124051346428252
"HLTF",0.0124950970691895,0.0147441577282958,0.0129449092010107,0.00988618670462609,0.0124051346428252
"HLX",0.0124950970691895,0.0147441577282958,0.0129449092010107,0.00988618670462609,0.0124051346428252
"HMG20B",0.0124950970691895,0.0147441577282958,0.0129449092010107,0.00988618670462609,0.0124051346428252
"HMGA1",0.0124950970691895,0.0147441577282958,0.0129449092010107,0.00988618670462609,0.0124051346428252
"HMGA2",0.0124950970691895,0.0147441577282958,0.0129449092010107,0.00988618670462609,0.0124051346428252
"HMGB2",0.0124950970691895,0.0147441577282958,0.0129449092010107,0.00988618670462609,0.0124051346428252
"HMGN1",0.0124950970691895,0.0147441577282958,0.0129449092010107,0.00988618670462609,0.0124051346428252
"HNF1A",0.0124950970691895,0.0147441577282958,0.0129449092010107,0.00988618670462609,0.0124051346428252
"HNF1B",0.0124950970691895,0.0147441577282958,0.0129449092010107,0.00988618670462609,0.0124051346428252
"HNF4A",0.0124950970691895,0.0147441577282958,0.0129449092010107,0.00988618670462609,0.0124051346428252
"HNF4G",0.0124950970691895,0.0147441577282958,0.0129449092010107,0.00988618670462609,0.0124051346428252
"HNRNPD",0.0124950970691895,0.0147441577282958,0.0129449092010107,0.00988618670462609,0.0124051346428252
"HNRNPR",0.0124950970691895,0.0147441577282958,0.0129449092010107,0.00988618670462609,0.0124051346428252
"HOPX",0.0124950970691895,0.0147441577282958,0.0129449092010107,0.00988618670462609,0.0124051346428252
"HOXA1",0.0124950970691895,0.0147441577282958,0.0129449092010107,0.00988618670462609,0.0124051346428252
"HOXA10",0.0124950970691895,0.0147441577282958,0.0129449092010107,0.00988618670462609,0.0124051346428252
"HOXA11",0.0124950970691895,0.0147441577282958,0.0129449092010107,0.00988618670462609,0.0124051346428252
"HOXA4",0.0124950970691895,0.0147441577282958,0.0129449092010107,0.00988618670462609,0.0124051346428252
"HOXA5",0.0124950970691895,0.0147441577282958,0.0129449092010107,0.00988618670462609,0.0124051346428252
"HOXA7",0.0124950970691895,0.0147441577282958,0.0129449092010107,0.00988618670462609,0.0124051346428252
"HOXA9",0.0124950970691895,0.0147441577282958,0.0129449092010107,0.00988618670462609,0.0124051346428252
"HOXB1",0.0124950970691895,0.0147441577282958,0.0129449092010107,0.00988618670462609,0.0124051346428252
"HOXB13",0.0124950970691895,0.0147441577282958,0.0129449092010107,0.00988618670462609,0.0124051346428252
"HOXB4",0.0124950970691895,0.0147441577282958,0.0129449092010107,0.00988618670462609,0.0124051346428252
"HOXB7",0.0124950970691895,0.0147441577282958,0.0129449092010107,0.00988618670462609,0.0124051346428252
"HOXC10",0.0124950970691895,0.0147441577282958,0.0129449092010107,0.00988618670462609,0.0124051346428252
"HOXC11",0.0124950970691895,0.0147441577282958,0.0129449092010107,0.00988618670462609,0.0124051346428252
"HOXC13",0.0124950970691895,0.0147441577282958,0.0129449092010107,0.00988618670462609,0.0124051346428252
"HOXC6",0.0124950970691895,0.0147441577282958,0.0129449092010107,0.00988618670462609,0.0124051346428252
"HOXC8",0.0124950970691895,0.0147441577282958,0.0129449092010107,0.00988618670462609,0.0124051346428252
"HOXC9",0.0124950970691895,0.0147441577282958,0.0129449092010107,0.00988618670462609,0.0124051346428252
"HOXD1",0.0124950970691895,0.0147441577282958,0.0129449092010107,0.00988618670462609,0.0124051346428252
"HOXD13",0.0124950970691895,0.0147441577282958,0.0129449092010107,0.00988618670462609,0.0124051346428252
"HOXD3",0.0124950970691895,0.0147441577282958,0.0129449092010107,0.00988618670462609,0.0124051346428252
"HOXD9",0.0124950970691895,0.0147441577282958,0.0129449092010107,0.00988618670462609,0.0124051346428252
"HR",0.0124950970691895,0.0147441577282958,0.0129449092010107,0.00988618670462609,0.0124051346428252
"HSF1",0.0124950970691895,0.0147441577282958,0.0129449092010107,0.00988618670462609,0.0124051346428252
"HSF2",0.0124950970691895,0.0147441577282958,0.0129449092010107,0.00988618670462609,0.0124051346428252
"HSF4",0.0124950970691895,0.0147441577282958,0.0129449092010107,0.00988618670462609,0.0124051346428252
"HTATIP2",0.0124950970691895,0.0147441577282958,0.0129449092010107,0.00988618670462609,0.0124051346428252
"ID1",0.0124950970691895,0.0147441577282958,0.0129449092010107,0.00988618670462609,0.0124051346428252
"ID2",0.0124950970691895,0.0147441577282958,0.0129449092010107,0.00988618670462609,0.0124051346428252
"ID3",0.0124950970691895,0.0147441577282958,0.0129449092010107,0.00988618670462609,0.0124051346428252
"ID4",0.0124950970691895,0.0147441577282958,0.0129449092010107,0.00988618670462609,0.0124051346428252
"IFI16",0.0124950970691895,0.0147441577282958,0.0129449092010107,0.00988618670462609,0.0124051346428252
"IKBKB",0.0124950970691895,0.0147441577282958,0.0129449092010107,0.00988618670462609,0.0124051346428252
"IKZF1",0.0124950970691895,0.0147441577282958,0.0129449092010107,0.00988618670462609,0.0124051346428252
"ILF2",0.0124950970691895,0.0147441577282958,0.0129449092010107,0.00988618670462609,0.0124051346428252
"ILF3",0.0124950970691895,0.0147441577282958,0.0129449092010107,0.00988618670462609,0.0124051346428252
"ING1",0.0124950970691895,0.0147441577282958,0.0129449092010107,0.00988618670462609,0.0124051346428252
"ING2",0.0124950970691895,0.0147441577282958,0.0129449092010107,0.00988618670462609,0.0124051346428252
"ING4",0.0124950970691895,0.0147441577282958,0.0129449092010107,0.00988618670462609,0.0124051346428252
"IRF1",0.0124950970691895,0.0147441577282958,0.0129449092010107,0.00988618670462609,0.0124051346428252
"IRF2",0.0124950970691895,0.0147441577282958,0.0129449092010107,0.00988618670462609,0.0124051346428252
"IRF3",0.0124950970691895,0.0147441577282958,0.0129449092010107,0.00988618670462609,0.0124051346428252
"IRF4",0.0124950970691895,0.0147441577282958,0.0129449092010107,0.00988618670462609,0.0124051346428252
"IRF5",0.0124950970691895,0.0147441577282958,0.0129449092010107,0.00988618670462609,0.0124051346428252
"IRF6",0.0124950970691895,0.0147441577282958,0.0129449092010107,0.00988618670462609,0.0124051346428252
"IRF7",0.0124950970691895,0.0147441577282958,0.0129449092010107,0.00988618670462609,0.0124051346428252
"IRF8",0.0124950970691895,0.0147441577282958,0.0129449092010107,0.00988618670462609,0.0124051346428252
"IRF9",0.0124950970691895,0.0147441577282958,0.0129449092010107,0.00988618670462609,0.0124051346428252
"ISL1",0.0124950970691895,0.0147441577282958,0.0129449092010107,0.00988618670462609,0.0124051346428252
"JARID2",0.0124950970691895,0.0147441577282958,0.0129449092010107,0.00988618670462609,0.0124051346428252
"JDP2",0.0124950970691895,0.0147441577282958,0.0129449092010107,0.00988618670462609,0.0124051346428252
"JUN",0.0124950970691895,0.0147441577282958,0.0129449092010107,0.00988618670462609,0.0124051346428252
"JUNB",0.0124950970691895,0.0147441577282958,0.0129449092010107,0.00988618670462609,0.0124051346428252
"JUND",0.0124950970691895,0.0147441577282958,0.0129449092010107,0.00988618670462609,0.0124051346428252
"KAT2B",0.0124950970691895,0.0147441577282958,0.0129449092010107,0.00988618670462609,0.0124051346428252
"KAT5",0.0124950970691895,0.0147441577282958,0.0129449092010107,0.00988618670462609,0.0124051346428252
"KAT6A",0.0124950970691895,0.0147441577282958,0.0129449092010107,0.00988618670462609,0.0124051346428252
"KCNIP3",0.0124950970691895,0.0147441577282958,0.0129449092010107,0.00988618670462609,0.0124051346428252
"KDM2A",0.0124950970691895,0.0147441577282958,0.0129449092010107,0.00988618670462609,0.0124051346428252
"KDM4B",0.0124950970691895,0.0147441577282958,0.0129449092010107,0.00988618670462609,0.0124051346428252
"KDM4C",0.0124950970691895,0.0147441577282958,0.0129449092010107,0.00988618670462609,0.0124051346428252
"KHDRBS1",0.0124950970691895,0.0147441577282958,0.0129449092010107,0.00988618670462609,0.0124051346428252
"KHSRP",0.0124950970691895,0.0147441577282958,0.0129449092010107,0.00988618670462609,0.0124051346428252
"KLF1",0.0124950970691895,0.0147441577282958,0.0129449092010107,0.00988618670462609,0.0124051346428252
"KLF10",0.0124950970691895,0.0147441577282958,0.0129449092010107,0.00988618670462609,0.0124051346428252
"KLF11",0.0124950970691895,0.0147441577282958,0.0129449092010107,0.00988618670462609,0.0124051346428252
"KLF12",0.0124950970691895,0.0147441577282958,0.0129449092010107,0.00988618670462609,0.0124051346428252
"KLF13",0.0124950970691895,0.0147441577282958,0.0129449092010107,0.00988618670462609,0.0124051346428252
"KLF14",0.0124950970691895,0.0147441577282958,0.0129449092010107,0.00988618670462609,0.0124051346428252
"KLF15",0.0124950970691895,0.0147441577282958,0.0129449092010107,0.00988618670462609,0.0124051346428252
"KLF16",0.0124950970691895,0.0147441577282958,0.0129449092010107,0.00988618670462609,0.0124051346428252
"KLF2",0.0124950970691895,0.0147441577282958,0.0129449092010107,0.00988618670462609,0.0124051346428252
"KLF3",0.0124950970691895,0.0147441577282958,0.0129449092010107,0.00988618670462609,0.0124051346428252
"KLF4",0.0124950970691895,0.0147441577282958,0.0129449092010107,0.00988618670462609,0.0124051346428252
"KLF5",0.0124950970691895,0.0147441577282958,0.0129449092010107,0.00988618670462609,0.0124051346428252
"KLF6",0.0124950970691895,0.0147441577282958,0.0129449092010107,0.00988618670462609,0.0124051346428252
"KLF7",0.0124950970691895,0.0147441577282958,0.0129449092010107,0.00988618670462609,0.0124051346428252
"KLF8",0.0124950970691895,0.0147441577282958,0.0129449092010107,0.00988618670462609,0.0124051346428252
"KLF9",0.0124950970691895,0.0147441577282958,0.0129449092010107,0.00988618670462609,0.0124051346428252
"L3MBTL1",0.0124950970691895,0.0147441577282958,0.0129449092010107,0.00988618670462609,0.0124051346428252
"LCOR",0.0124950970691895,0.0147441577282958,0.0129449092010107,0.00988618670462609,0.0124051346428252
"LDB1",0.0124950970691895,0.0147441577282958,0.0129449092010107,0.00988618670462609,0.0124051346428252
"LEF1",0.0124950970691895,0.0147441577282958,0.0129449092010107,0.00988618670462609,0.0124051346428252
"LHX2",0.0124950970691895,0.0147441577282958,0.0129449092010107,0.00988618670462609,0.0124051346428252
"LHX3",0.0124950970691895,0.0147441577282958,0.0129449092010107,0.00988618670462609,0.0124051346428252
"LHX4",0.0124950970691895,0.0147441577282958,0.0129449092010107,0.00988618670462609,0.0124051346428252
"LIMD1",0.0124950970691895,0.0147441577282958,0.0129449092010107,0.00988618670462609,0.0124051346428252
"LIN28A",0.0124950970691895,0.0147441577282958,0.0129449092010107,0.00988618670462609,0.0124051346428252
"LMO2",0.0124950970691895,0.0147441577282958,0.0129449092010107,0.00988618670462609,0.0124051346428252
"LMO3",0.0124950970691895,0.0147441577282958,0.0129449092010107,0.00988618670462609,0.0124051346428252
"LMO4",0.0124950970691895,0.0147441577282958,0.0129449092010107,0.00988618670462609,0.0124051346428252
"LMX1B",0.0124950970691895,0.0147441577282958,0.0129449092010107,0.00988618670462609,0.0124051346428252
"LRF",0.0124950970691895,0.0147441577282958,0.0129449092010107,0.00988618670462609,0.0124051346428252
"LRRFIP1",0.0124950970691895,0.0147441577282958,0.0129449092010107,0.00988618670462609,0.0124051346428252
"LYL1",0.0124950970691895,0.0147441577282958,0.0129449092010107,0.00988618670462609,0.0124051346428252
"MAF",0.0124950970691895,0.0147441577282958,0.0129449092010107,0.00988618670462609,0.0124051346428252
"MAFA",0.0124950970691895,0.0147441577282958,0.0129449092010107,0.00988618670462609,0.0124051346428252
"MAFB",0.0124950970691895,0.0147441577282958,0.0129449092010107,0.00988618670462609,0.0124051346428252
"MAFF",0.0124950970691895,0.0147441577282958,0.0129449092010107,0.00988618670462609,0.0124051346428252
"MAFG",0.0124950970691895,0.0147441577282958,0.0129449092010107,0.00988618670462609,0.0124051346428252
"MAFK",0.0124950970691895,0.0147441577282958,0.0129449092010107,0.00988618670462609,0.0124051346428252
"MAL",0.0124950970691895,0.0147441577282958,0.0129449092010107,0.00988618670462609,0.0124051346428252
"MAML1",0.0124950970691895,0.0147441577282958,0.0129449092010107,0.00988618670462609,0.0124051346428252
"MAX",0.0124950970691895,0.0147441577282958,0.0129449092010107,0.00988618670462609,0.0124051346428252
"MAZ",0.0124950970691895,0.0147441577282958,0.0129449092010107,0.00988618670462609,0.0124051346428252
"MBD1",0.0124950970691895,0.0147441577282958,0.0129449092010107,0.00988618670462609,0.0124051346428252
"MBD2",0.0124950970691895,0.0147441577282958,0.0129449092010107,0.00988618670462609,0.0124051346428252
"MCM2",0.0124950970691895,0.0147441577282958,0.0129449092010107,0.00988618670462609,0.0124051346428252
"MCM5",0.0124950970691895,0.0147441577282958,0.0129449092010107,0.00988618670462609,0.0124051346428252
"MDM2",0.0124950970691895,0.0147441577282958,0.0129449092010107,0.00988618670462609,0.0124051346428252
"MDM4",0.0124950970691895,0.0147441577282958,0.0129449092010107,0.00988618670462609,0.0124051346428252
"MECP2",0.0124950970691895,0.0147441577282958,0.0129449092010107,0.00988618670462609,0.0124051346428252
"MED1",0.0124950970691895,0.0147441577282958,0.0129449092010107,0.00988618670462609,0.0124051346428252
"MED15",0.0124950970691895,0.0147441577282958,0.0129449092010107,0.00988618670462609,0.0124051346428252
"MED23",0.0124950970691895,0.0147441577282958,0.0129449092010107,0.00988618670462609,0.0124051346428252
"MEF2A",0.0124950970691895,0.0147441577282958,0.0129449092010107,0.00988618670462609,0.0124051346428252
"MEF2B",0.0124950970691895,0.0147441577282958,0.0129449092010107,0.00988618670462609,0.0124051346428252
"MEF2C",0.0124950970691895,0.0147441577282958,0.0129449092010107,0.00988618670462609,0.0124051346428252
"MEF2D",0.0124950970691895,0.0147441577282958,0.0129449092010107,0.00988618670462609,0.0124051346428252
"MEIS1",0.0124950970691895,0.0147441577282958,0.0129449092010107,0.00988618670462609,0.0124051346428252
"MEIS2",0.0124950970691895,0.0147441577282958,0.0129449092010107,0.00988618670462609,0.0124051346428252
"MEN1",0.0124950970691895,0.0147441577282958,0.0129449092010107,0.00988618670462609,0.0124051346428252
"MITF",0.0124950970691895,0.0147441577282958,0.0129449092010107,0.00988618670462609,0.0124051346428252
"MKL1",0.0124950970691895,0.0147441577282958,0.0129449092010107,0.00988618670462609,0.0124051346428252
"MLL2",0.0124950970691895,0.0147441577282958,0.0129449092010107,0.00988618670462609,0.0124051346428252
"MLL3",0.0124950970691895,0.0147441577282958,0.0129449092010107,0.00988618670462609,0.0124051346428252
"MLL4",0.0124950970691895,0.0147441577282958,0.0129449092010107,0.00988618670462609,0.0124051346428252
"MLLT10",0.0124950970691895,0.0147441577282958,0.0129449092010107,0.00988618670462609,0.0124051346428252
"MLLT3",0.0124950970691895,0.0147441577282958,0.0129449092010107,0.00988618670462609,0.0124051346428252
"MLX",0.0124950970691895,0.0147441577282958,0.0129449092010107,0.00988618670462609,0.0124051346428252
"MLXIPL",0.0124950970691895,0.0147441577282958,0.0129449092010107,0.00988618670462609,0.0124051346428252
"MSC",0.0124950970691895,0.0147441577282958,0.0129449092010107,0.00988618670462609,0.0124051346428252
"MSX1",0.0124950970691895,0.0147441577282958,0.0129449092010107,0.00988618670462609,0.0124051346428252
"MSX2",0.0124950970691895,0.0147441577282958,0.0129449092010107,0.00988618670462609,0.0124051346428252
"MTA1",0.0124950970691895,0.0147441577282958,0.0129449092010107,0.00988618670462609,0.0124051346428252
"MTA2",0.0124950970691895,0.0147441577282958,0.0129449092010107,0.00988618670462609,0.0124051346428252
"MTA3",0.0124950970691895,0.0147441577282958,0.0129449092010107,0.00988618670462609,0.0124051346428252
"MTF1",0.0124950970691895,0.0147441577282958,0.0129449092010107,0.00988618670462609,0.0124051346428252
"MXD1",0.0124950970691895,0.0147441577282958,0.0129449092010107,0.00988618670462609,0.0124051346428252
"MXD4",0.0124950970691895,0.0147441577282958,0.0129449092010107,0.00988618670462609,0.0124051346428252
"MXI1",0.0124950970691895,0.0147441577282958,0.0129449092010107,0.00988618670462609,0.0124051346428252
"MYB",0.0124950970691895,0.0147441577282958,0.0129449092010107,0.00988618670462609,0.0124051346428252
"MYBBP1A",0.0124950970691895,0.0147441577282958,0.0129449092010107,0.00988618670462609,0.0124051346428252
"MYBL1",0.0124950970691895,0.0147441577282958,0.0129449092010107,0.00988618670462609,0.0124051346428252
"MYBL2",0.0124950970691895,0.0147441577282958,0.0129449092010107,0.00988618670462609,0.0124051346428252
"MYC",0.0124950970691895,0.0147441577282958,0.0129449092010107,0.00988618670462609,0.0124051346428252
"MYCN",0.0124950970691895,0.0147441577282958,0.0129449092010107,0.00988618670462609,0.0124051346428252
"MYF6",0.0124950970691895,0.0147441577282958,0.0129449092010107,0.00988618670462609,0.0124051346428252
"MYOCD",0.0124950970691895,0.0147441577282958,0.0129449092010107,0.00988618670462609,0.0124051346428252
"MYOD1",0.0124950970691895,0.0147441577282958,0.0129449092010107,0.00988618670462609,0.0124051346428252
"MYOG",0.0124950970691895,0.0147441577282958,0.0129449092010107,0.00988618670462609,0.0124051346428252
"MZF1",0.0124950970691895,0.0147441577282958,0.0129449092010107,0.00988618670462609,0.0124051346428252
"NAB1",0.0124950970691895,0.0147441577282958,0.0129449092010107,0.00988618670462609,0.0124051346428252
"NAB2",0.0124950970691895,0.0147441577282958,0.0129449092010107,0.00988618670462609,0.0124051346428252
"NANOG",0.0124950970691895,0.0147441577282958,0.0129449092010107,0.00988618670462609,0.0124051346428252
"NCOA1",0.0124950970691895,0.0147441577282958,0.0129449092010107,0.00988618670462609,0.0124051346428252
"NCOA2",0.0124950970691895,0.0147441577282958,0.0129449092010107,0.00988618670462609,0.0124051346428252
"NCOA3",0.0124950970691895,0.0147441577282958,0.0129449092010107,0.00988618670462609,0.0124051346428252
"NCOA4",0.0124950970691895,0.0147441577282958,0.0129449092010107,0.00988618670462609,0.0124051346428252
"NCOA6",0.0124950970691895,0.0147441577282958,0.0129449092010107,0.00988618670462609,0.0124051346428252
"NCOR1",0.0124950970691895,0.0147441577282958,0.0129449092010107,0.00988618670462609,0.0124051346428252
"NCOR2",0.0124950970691895,0.0147441577282958,0.0129449092010107,0.00988618670462609,0.0124051346428252
"NEAT1",0.0124950970691895,0.0147441577282958,0.0129449092010107,0.00988618670462609,0.0124051346428252
"NELFB",0.0124950970691895,0.0147441577282958,0.0129449092010107,0.00988618670462609,0.0124051346428252
"NELFCD",0.0124950970691895,0.0147441577282958,0.0129449092010107,0.00988618670462609,0.0124051346428252
"NEUROD1",0.0124950970691895,0.0147441577282958,0.0129449092010107,0.00988618670462609,0.0124051346428252
"NEUROG3",0.0124950970691895,0.0147441577282958,0.0129449092010107,0.00988618670462609,0.0124051346428252
"NF1",0.0124950970691895,0.0147441577282958,0.0129449092010107,0.00988618670462609,0.0124051346428252
"NFAT5",0.0124950970691895,0.0147441577282958,0.0129449092010107,0.00988618670462609,0.0124051346428252
"NFATC1",0.0124950970691895,0.0147441577282958,0.0129449092010107,0.00988618670462609,0.0124051346428252
"NFATC2",0.0124950970691895,0.0147441577282958,0.0129449092010107,0.00988618670462609,0.0124051346428252
"NFATC3",0.0124950970691895,0.0147441577282958,0.0129449092010107,0.00988618670462609,0.0124051346428252
"NFE2",0.0124950970691895,0.0147441577282958,0.0129449092010107,0.00988618670462609,0.0124051346428252
"NFE2L1",0.0124950970691895,0.0147441577282958,0.0129449092010107,0.00988618670462609,0.0124051346428252
"NFE2L2",0.0124950970691895,0.0147441577282958,0.0129449092010107,0.00988618670462609,0.0124051346428252
"NFIA",0.0124950970691895,0.0147441577282958,0.0129449092010107,0.00988618670462609,0.0124051346428252
"NFIB",0.0124950970691895,0.0147441577282958,0.0129449092010107,0.00988618670462609,0.0124051346428252
"NFIC",0.0124950970691895,0.0147441577282958,0.0129449092010107,0.00988618670462609,0.0124051346428252
"NFIL3",0.0124950970691895,0.0147441577282958,0.0129449092010107,0.00988618670462609,0.0124051346428252
"NFIX",0.0124950970691895,0.0147441577282958,0.0129449092010107,0.00988618670462609,0.0124051346428252
"NFKB1",0.0124950970691895,0.0147441577282958,0.0129449092010107,0.00988618670462609,0.0124051346428252
"NFKB2",0.0124950970691895,0.0147441577282958,0.0129449092010107,0.00988618670462609,0.0124051346428252
"NFKBIA",0.0124950970691895,0.0147441577282958,0.0129449092010107,0.00988618670462609,0.0124051346428252
"NFKBIB",0.0124950970691895,0.0147441577282958,0.0129449092010107,0.00988618670462609,0.0124051346428252
"NFKBIZ",0.0124950970691895,0.0147441577282958,0.0129449092010107,0.00988618670462609,0.0124051346428252
"NFRKB",0.0124950970691895,0.0147441577282958,0.0129449092010107,0.00988618670462609,0.0124051346428252
"NFYA",0.0124950970691895,0.0147441577282958,0.0129449092010107,0.00988618670462609,0.0124051346428252
"NFYB",0.0124950970691895,0.0147441577282958,0.0129449092010107,0.00988618670462609,0.0124051346428252
"NFYC",0.0124950970691895,0.0147441577282958,0.0129449092010107,0.00988618670462609,0.0124051346428252
"NHLH2",0.0124950970691895,0.0147441577282958,0.0129449092010107,0.00988618670462609,0.0124051346428252
"NKX2.1",0.0124950970691895,0.0147441577282958,0.0129449092010107,0.00988618670462609,0.0124051346428252
"NKX2.2",0.0124950970691895,0.0147441577282958,0.0129449092010107,0.00988618670462609,0.0124051346428252
"NKX2.3",0.0124950970691895,0.0147441577282958,0.0129449092010107,0.00988618670462609,0.0124051346428252
"NKX2.5",0.0124950970691895,0.0147441577282958,0.0129449092010107,0.00988618670462609,0.0124051346428252
"NKX3.1",0.0124950970691895,0.0147441577282958,0.0129449092010107,0.00988618670462609,0.0124051346428252
"NONO",0.0124950970691895,0.0147441577282958,0.0129449092010107,0.00988618670462609,0.0124051346428252
"NOTCH3",0.0124950970691895,0.0147441577282958,0.0129449092010107,0.00988618670462609,0.0124051346428252
"NPAS2",0.0124950970691895,0.0147441577282958,0.0129449092010107,0.00988618670462609,0.0124051346428252
"NPAS3",0.0124950970691895,0.0147441577282958,0.0129449092010107,0.00988618670462609,0.0124051346428252
"NPM1",0.0124950970691895,0.0147441577282958,0.0129449092010107,0.00988618670462609,0.0124051346428252
"NR0B1",0.0124950970691895,0.0147441577282958,0.0129449092010107,0.00988618670462609,0.0124051346428252
"NR0B2",0.0124950970691895,0.0147441577282958,0.0129449092010107,0.00988618670462609,0.0124051346428252
"NR1D1",0.0124950970691895,0.0147441577282958,0.0129449092010107,0.00988618670462609,0.0124051346428252
"NR1H2",0.0124950970691895,0.0147441577282958,0.0129449092010107,0.00988618670462609,0.0124051346428252
"NR1H3",0.0124950970691895,0.0147441577282958,0.0129449092010107,0.00988618670462609,0.0124051346428252
"NR1H4",0.0124950970691895,0.0147441577282958,0.0129449092010107,0.00988618670462609,0.0124051346428252
"NR1I2",0.0124950970691895,0.0147441577282958,0.0129449092010107,0.00988618670462609,0.0124051346428252
"NR1I3",0.0124950970691895,0.0147441577282958,0.0129449092010107,0.00988618670462609,0.0124051346428252
"NR2C2",0.0124950970691895,0.0147441577282958,0.0129449092010107,0.00988618670462609,0.0124051346428252
"NR2E3",0.0124950970691895,0.0147441577282958,0.0129449092010107,0.00988618670462609,0.0124051346428252
"NR2F1",0.0124950970691895,0.0147441577282958,0.0129449092010107,0.00988618670462609,0.0124051346428252
"NR2F2",0.0124950970691895,0.0147441577282958,0.0129449092010107,0.00988618670462609,0.0124051346428252
"NR2F6",0.0124950970691895,0.0147441577282958,0.0129449092010107,0.00988618670462609,0.0124051346428252
"NR3C1",0.0124950970691895,0.0147441577282958,0.0129449092010107,0.00988618670462609,0.0124051346428252
"NR3C2",0.0124950970691895,0.0147441577282958,0.0129449092010107,0.00988618670462609,0.0124051346428252
"NR4A1",0.0124950970691895,0.0147441577282958,0.0129449092010107,0.00988618670462609,0.0124051346428252
"NR4A2",0.0124950970691895,0.0147441577282958,0.0129449092010107,0.00988618670462609,0.0124051346428252
"NR4A3",0.0124950970691895,0.0147441577282958,0.0129449092010107,0.00988618670462609,0.0124051346428252
"NR5A1",0.0124950970691895,0.0147441577282958,0.0129449092010107,0.00988618670462609,0.0124051346428252
"NR5A2",0.0124950970691895,0.0147441577282958,0.0129449092010107,0.00988618670462609,0.0124051346428252
"NRF1",0.0124950970691895,0.0147441577282958,0.0129449092010107,0.00988618670462609,0.0124051346428252
"NRIP1",0.0124950970691895,0.0147441577282958,0.0129449092010107,0.00988618670462609,0.0124051346428252
"NRL",0.0124950970691895,0.0147441577282958,0.0129449092010107,0.00988618670462609,0.0124051346428252
"NUPR1",0.0124950970691895,0.0147441577282958,0.0129449092010107,0.00988618670462609,0.0124051346428252
"OLIG2",0.0124950970691895,0.0147441577282958,0.0129449092010107,0.00988618670462609,0.0124051346428252
"ONECUT1",0.0124950970691895,0.0147441577282958,0.0129449092010107,0.00988618670462609,0.0124051346428252
"ONECUT2",0.0124950970691895,0.0147441577282958,0.0129449092010107,0.00988618670462609,0.0124051346428252
"OTX1",0.0124950970691895,0.0147441577282958,0.0129449092010107,0.00988618670462609,0.0124051346428252
"OTX2",0.0124950970691895,0.0147441577282958,0.0129449092010107,0.00988618670462609,0.0124051346428252
"PA2G4",0.0124950970691895,0.0147441577282958,0.0129449092010107,0.00988618670462609,0.0124051346428252
"PARP1",0.0124950970691895,0.0147441577282958,0.0129449092010107,0.00988618670462609,0.0124051346428252
"PAWR",0.0124950970691895,0.0147441577282958,0.0129449092010107,0.00988618670462609,0.0124051346428252
"PAX1",0.0124950970691895,0.0147441577282958,0.0129449092010107,0.00988618670462609,0.0124051346428252
"PAX2",0.0124950970691895,0.0147441577282958,0.0129449092010107,0.00988618670462609,0.0124051346428252
"PAX3",0.0124950970691895,0.0147441577282958,0.0129449092010107,0.00988618670462609,0.0124051346428252
"PAX4",0.0124950970691895,0.0147441577282958,0.0129449092010107,0.00988618670462609,0.0124051346428252
"PAX5",0.0124950970691895,0.0147441577282958,0.0129449092010107,0.00988618670462609,0.0124051346428252
"PAX6",0.0124950970691895,0.0147441577282958,0.0129449092010107,0.00988618670462609,0.0124051346428252
"PAX8",0.0124950970691895,0.0147441577282958,0.0129449092010107,0.00988618670462609,0.0124051346428252
"PBX1",0.0124950970691895,0.0147441577282958,0.0129449092010107,0.00988618670462609,0.0124051346428252
"PBX2",0.0124950970691895,0.0147441577282958,0.0129449092010107,0.00988618670462609,0.0124051346428252
"PCBD1",0.0124950970691895,0.0147441577282958,0.0129449092010107,0.00988618670462609,0.0124051346428252
"PCGF2",0.0124950970691895,0.0147441577282958,0.0129449092010107,0.00988618670462609,0.0124051346428252
"PDCD11",0.0124950970691895,0.0147441577282958,0.0129449092010107,0.00988618670462609,0.0124051346428252
"PDX1",0.0124950970691895,0.0147441577282958,0.0129449092010107,0.00988618670462609,0.0124051346428252
"PER1",0.0124950970691895,0.0147441577282958,0.0129449092010107,0.00988618670462609,0.0124051346428252
"PER2",0.0124950970691895,0.0147441577282958,0.0129449092010107,0.00988618670462609,0.0124051346428252
"PGR",0.0124950970691895,0.0147441577282958,0.0129449092010107,0.00988618670462609,0.0124051346428252
"PHB2",0.0124950970691895,0.0147441577282958,0.0129449092010107,0.00988618670462609,0.0124051346428252
"PHF10",0.0124950970691895,0.0147441577282958,0.0129449092010107,0.00988618670462609,0.0124051346428252
"PHF8",0.0124950970691895,0.0147441577282958,0.0129449092010107,0.00988618670462609,0.0124051346428252
"PHOX2A",0.0124950970691895,0.0147441577282958,0.0129449092010107,0.00988618670462609,0.0124051346428252
"PHOX2B",0.0124950970691895,0.0147441577282958,0.0129449092010107,0.00988618670462609,0.0124051346428252
"PIAS1",0.0124950970691895,0.0147441577282958,0.0129449092010107,0.00988618670462609,0.0124051346428252
"PIAS2",0.0124950970691895,0.0147441577282958,0.0129449092010107,0.00988618670462609,0.0124051346428252
"PIAS3",0.0124950970691895,0.0147441577282958,0.0129449092010107,0.00988618670462609,0.0124051346428252
"PIAS4",0.0124950970691895,0.0147441577282958,0.0129449092010107,0.00988618670462609,0.0124051346428252
"PIR",0.0124950970691895,0.0147441577282958,0.0129449092010107,0.00988618670462609,0.0124051346428252
"PITX1",0.0124950970691895,0.0147441577282958,0.0129449092010107,0.00988618670462609,0.0124051346428252
"PITX2",0.0124950970691895,0.0147441577282958,0.0129449092010107,0.00988618670462609,0.0124051346428252
"PITX3",0.0124950970691895,0.0147441577282958,0.0129449092010107,0.00988618670462609,0.0124051346428252
"PKNOX1",0.0124950970691895,0.0147441577282958,0.0129449092010107,0.00988618670462609,0.0124051346428252
"PLAG1",0.0124950970691895,0.0147441577282958,0.0129449092010107,0.00988618670462609,0.0124051346428252
"PLAGL1",0.0124950970691895,0.0147441577282958,0.0129449092010107,0.00988618670462609,0.0124051346428252
"PLAGL2",0.0124950970691895,0.0147441577282958,0.0129449092010107,0.00988618670462609,0.0124051346428252
"PML",0.0124950970691895,0.0147441577282958,0.0129449092010107,0.00988618670462609,0.0124051346428252
"POLR1A",0.0124950970691895,0.0147441577282958,0.0129449092010107,0.00988618670462609,0.0124051346428252
"POU1F1",0.0124950970691895,0.0147441577282958,0.0129449092010107,0.00988618670462609,0.0124051346428252
"POU2AF1",0.0124950970691895,0.0147441577282958,0.0129449092010107,0.00988618670462609,0.0124051346428252
"POU2F1",0.0124950970691895,0.0147441577282958,0.0129449092010107,0.00988618670462609,0.0124051346428252
"POU2F2",0.0124950970691895,0.0147441577282958,0.0129449092010107,0.00988618670462609,0.0124051346428252
"POU2F3",0.0124950970691895,0.0147441577282958,0.0129449092010107,0.00988618670462609,0.0124051346428252
"POU3F1",0.0124950970691895,0.0147441577282958,0.0129449092010107,0.00988618670462609,0.0124051346428252
"POU3F2",0.0124950970691895,0.0147441577282958,0.0129449092010107,0.00988618670462609,0.0124051346428252
"POU3F4",0.0124950970691895,0.0147441577282958,0.0129449092010107,0.00988618670462609,0.0124051346428252
"POU4F1",0.0124950970691895,0.0147441577282958,0.0129449092010107,0.00988618670462609,0.0124051346428252
"POU4F2",0.0124950970691895,0.0147441577282958,0.0129449092010107,0.00988618670462609,0.0124051346428252
"POU5F1",0.0124950970691895,0.0147441577282958,0.0129449092010107,0.00988618670462609,0.0124051346428252
"PPARA",0.0124950970691895,0.0147441577282958,0.0129449092010107,0.00988618670462609,0.0124051346428252
"PPARD",0.0124950970691895,0.0147441577282958,0.0129449092010107,0.00988618670462609,0.0124051346428252
"PPARG",0.0124950970691895,0.0147441577282958,0.0129449092010107,0.00988618670462609,0.0124051346428252
"PPARGC1A",0.0124950970691895,0.0147441577282958,0.0129449092010107,0.00988618670462609,0.0124051346428252
"PRDM1",0.0124950970691895,0.0147441577282958,0.0129449092010107,0.00988618670462609,0.0124051346428252
"PRDM14",0.0124950970691895,0.0147441577282958,0.0129449092010107,0.00988618670462609,0.0124051346428252
"PRDM2",0.0124950970691895,0.0147441577282958,0.0129449092010107,0.00988618670462609,0.0124051346428252
"PREB",0.0124950970691895,0.0147441577282958,0.0129449092010107,0.00988618670462609,0.0124051346428252
"PROX1",0.0124950970691895,0.0147441577282958,0.0129449092010107,0.00988618670462609,0.0124051346428252
"PTF1A",0.0124950970691895,0.0147441577282958,0.0129449092010107,0.00988618670462609,0.0124051346428252
"PTMA",0.0124950970691895,0.0147441577282958,0.0129449092010107,0.00988618670462609,0.0124051346428252
"PTTG1",0.0124950970691895,0.0147441577282958,0.0129449092010107,0.00988618670462609,0.0124051346428252
"PURA",0.0124950970691895,0.0147441577282958,0.0129449092010107,0.00988618670462609,0.0124051346428252
"RAD51",0.0124950970691895,0.0147441577282958,0.0129449092010107,0.00988618670462609,0.0124051346428252
"RARA",0.0124950970691895,0.0147441577282958,0.0129449092010107,0.00988618670462609,0.0124051346428252
"RARB",0.0124950970691895,0.0147441577282958,0.0129449092010107,0.00988618670462609,0.0124051346428252
"RARG",0.0124950970691895,0.0147441577282958,0.0129449092010107,0.00988618670462609,0.0124051346428252
"RB1",0.0124950970691895,0.0147441577282958,0.0129449092010107,0.00988618670462609,0.0124051346428252
"RB1CC1",0.0124950970691895,0.0147441577282958,0.0129449092010107,0.00988618670462609,0.0124051346428252
"RBBP7",0.0124950970691895,0.0147441577282958,0.0129449092010107,0.00988618670462609,0.0124051346428252
"RBL1",0.0124950970691895,0.0147441577282958,0.0129449092010107,0.00988618670462609,0.0124051346428252
"RBL2",0.0124950970691895,0.0147441577282958,0.0129449092010107,0.00988618670462609,0.0124051346428252
"RBMX",0.0124950970691895,0.0147441577282958,0.0129449092010107,0.00988618670462609,0.0124051346428252
"RBPJ",0.0124950970691895,0.0147441577282958,0.0129449092010107,0.00988618670462609,0.0124051346428252
"REL",0.0124950970691895,0.0147441577282958,0.0129449092010107,0.00988618670462609,0.0124051346428252
"RELA",0.0124950970691895,0.0147441577282958,0.0129449092010107,0.00988618670462609,0.0124051346428252
"RELB",0.0124950970691895,0.0147441577282958,0.0129449092010107,0.00988618670462609,0.0124051346428252
"REST",0.0124950970691895,0.0147441577282958,0.0129449092010107,0.00988618670462609,0.0124051346428252
"RFWD2",0.0124950970691895,0.0147441577282958,0.0129449092010107,0.00988618670462609,0.0124051346428252
"RFX1",0.0124950970691895,0.0147441577282958,0.0129449092010107,0.00988618670462609,0.0124051346428252
"RFX2",0.0124950970691895,0.0147441577282958,0.0129449092010107,0.00988618670462609,0.0124051346428252
"RFX3",0.0124950970691895,0.0147441577282958,0.0129449092010107,0.00988618670462609,0.0124051346428252
"RFX5",0.0124950970691895,0.0147441577282958,0.0129449092010107,0.00988618670462609,0.0124051346428252
"RFXANK",0.0124950970691895,0.0147441577282958,0.0129449092010107,0.00988618670462609,0.0124051346428252
"RFXAP",0.0124950970691895,0.0147441577282958,0.0129449092010107,0.00988618670462609,0.0124051346428252
"RNF14",0.0124950970691895,0.0147441577282958,0.0129449092010107,0.00988618670462609,0.0124051346428252
"RORA",0.0124950970691895,0.0147441577282958,0.0129449092010107,0.00988618670462609,0.0124051346428252
"RORC",0.0124950970691895,0.0147441577282958,0.0129449092010107,0.00988618670462609,0.0124051346428252
"RREB1",0.0124950970691895,0.0147441577282958,0.0129449092010107,0.00988618670462609,0.0124051346428252
"RUNX1",0.0124950970691895,0.0147441577282958,0.0129449092010107,0.00988618670462609,0.0124051346428252
"RUNX1T1",0.0124950970691895,0.0147441577282958,0.0129449092010107,0.00988618670462609,0.0124051346428252
"RUNX2",0.0124950970691895,0.0147441577282958,0.0129449092010107,0.00988618670462609,0.0124051346428252
"RUNX3",0.0124950970691895,0.0147441577282958,0.0129449092010107,0.00988618670462609,0.0124051346428252
"RUVBL1",0.0124950970691895,0.0147441577282958,0.0129449092010107,0.00988618670462609,0.0124051346428252
"RXRA",0.0124950970691895,0.0147441577282958,0.0129449092010107,0.00988618670462609,0.0124051346428252
"SALL3",0.0124950970691895,0.0147441577282958,0.0129449092010107,0.00988618670462609,0.0124051346428252
"SALL4",0.0124950970691895,0.0147441577282958,0.0129449092010107,0.00988618670462609,0.0124051346428252
"SALL4A",0.0124950970691895,0.0147441577282958,0.0129449092010107,0.00988618670462609,0.0124051346428252
"SATB1",0.0124950970691895,0.0147441577282958,0.0129449092010107,0.00988618670462609,0.0124051346428252
"SATB2",0.0124950970691895,0.0147441577282958,0.0129449092010107,0.00988618670462609,0.0124051346428252
"SCAND1",0.0124950970691895,0.0147441577282958,0.0129449092010107,0.00988618670462609,0.0124051346428252
"SCD5",0.0124950970691895,0.0147441577282958,0.0129449092010107,0.00988618670462609,0.0124051346428252
"SEC14L2",0.0124950970691895,0.0147441577282958,0.0129449092010107,0.00988618670462609,0.0124051346428252
"SERTAD1",0.0124950970691895,0.0147441577282958,0.0129449092010107,0.00988618670462609,0.0124051346428252
"SETBP1",0.0124950970691895,0.0147441577282958,0.0129449092010107,0.00988618670462609,0.0124051346428252
"SF1",0.0124950970691895,0.0147441577282958,0.0129449092010107,0.00988618670462609,0.0124051346428252
"SFPQ",0.0124950970691895,0.0147441577282958,0.0129449092010107,0.00988618670462609,0.0124051346428252
"SHOX",0.0124950970691895,0.0147441577282958,0.0129449092010107,0.00988618670462609,0.0124051346428252
"SHOX2",0.0124950970691895,0.0147441577282958,0.0129449092010107,0.00988618670462609,0.0124051346428252
"SIM2",0.0124950970691895,0.0147441577282958,0.0129449092010107,0.00988618670462609,0.0124051346428252
"SIN3A",0.0124950970691895,0.0147441577282958,0.0129449092010107,0.00988618670462609,0.0124051346428252
"SIRT1",0.0124950970691895,0.0147441577282958,0.0129449092010107,0.00988618670462609,0.0124051346428252
"SIRT2",0.0124950970691895,0.0147441577282958,0.0129449092010107,0.00988618670462609,0.0124051346428252
"SIRT3",0.0124950970691895,0.0147441577282958,0.0129449092010107,0.00988618670462609,0.0124051346428252
"SIX1",0.0124950970691895,0.0147441577282958,0.0129449092010107,0.00988618670462609,0.0124051346428252
"SKI",0.0124950970691895,0.0147441577282958,0.0129449092010107,0.00988618670462609,0.0124051346428252
"SKIL",0.0124950970691895,0.0147441577282958,0.0129449092010107,0.00988618670462609,0.0124051346428252
"SLA2",0.0124950970691895,0.0147441577282958,0.0129449092010107,0.00988618670462609,0.0124051346428252
"SLC2A4RG",0.0124950970691895,0.0147441577282958,0.0129449092010107,0.00988618670462609,0.0124051346428252
"SMAD1",0.0124950970691895,0.0147441577282958,0.0129449092010107,0.00988618670462609,0.0124051346428252
"SMAD2",0.0124950970691895,0.0147441577282958,0.0129449092010107,0.00988618670462609,0.0124051346428252
"SMAD3",0.0124950970691895,0.0147441577282958,0.0129449092010107,0.00988618670462609,0.0124051346428252
"SMAD4",0.0124950970691895,0.0147441577282958,0.0129449092010107,0.00988618670462609,0.0124051346428252
"SMAD7",0.0124950970691895,0.0147441577282958,0.0129449092010107,0.00988618670462609,0.0124051346428252
"SMARCA1",0.0124950970691895,0.0147441577282958,0.0129449092010107,0.00988618670462609,0.0124051346428252
"SMARCA4",0.0124950970691895,0.0147441577282958,0.0129449092010107,0.00988618670462609,0.0124051346428252
"SMARCB1",0.0124950970691895,0.0147441577282958,0.0129449092010107,0.00988618670462609,0.0124051346428252
"SMG6",0.0124950970691895,0.0147441577282958,0.0129449092010107,0.00988618670462609,0.0124051346428252
"SMURF2",0.0124950970691895,0.0147441577282958,0.0129449092010107,0.00988618670462609,0.0124051346428252
"SNAI1",0.0124950970691895,0.0147441577282958,0.0129449092010107,0.00988618670462609,0.0124051346428252
"SNAI2",0.0124950970691895,0.0147441577282958,0.0129449092010107,0.00988618670462609,0.0124051346428252
"SND1",0.0124950970691895,0.0147441577282958,0.0129449092010107,0.00988618670462609,0.0124051346428252
"SNIP1",0.0124950970691895,0.0147441577282958,0.0129449092010107,0.00988618670462609,0.0124051346428252
"SNW1",0.0124950970691895,0.0147441577282958,0.0129449092010107,0.00988618670462609,0.0124051346428252
"SOX10",0.0124950970691895,0.0147441577282958,0.0129449092010107,0.00988618670462609,0.0124051346428252
"SOX11",0.0124950970691895,0.0147441577282958,0.0129449092010107,0.00988618670462609,0.0124051346428252
"SOX17",0.0124950970691895,0.0147441577282958,0.0129449092010107,0.00988618670462609,0.0124051346428252
"SOX2",0.0124950970691895,0.0147441577282958,0.0129449092010107,0.00988618670462609,0.0124051346428252
"SOX4",0.0124950970691895,0.0147441577282958,0.0129449092010107,0.00988618670462609,0.0124051346428252
"SOX5",0.0124950970691895,0.0147441577282958,0.0129449092010107,0.00988618670462609,0.0124051346428252
"SOX6",0.0124950970691895,0.0147441577282958,0.0129449092010107,0.00988618670462609,0.0124051346428252
"SOX9",0.0124950970691895,0.0147441577282958,0.0129449092010107,0.00988618670462609,0.0124051346428252
"SP1",0.0124950970691895,0.0147441577282958,0.0129449092010107,0.00988618670462609,0.0124051346428252
"SP100",0.0124950970691895,0.0147441577282958,0.0129449092010107,0.00988618670462609,0.0124051346428252
"SP2",0.0124950970691895,0.0147441577282958,0.0129449092010107,0.00988618670462609,0.0124051346428252
"SP3",0.0124950970691895,0.0147441577282958,0.0129449092010107,0.00988618670462609,0.0124051346428252
"SP4",0.0124950970691895,0.0147441577282958,0.0129449092010107,0.00988618670462609,0.0124051346428252
"SP7",0.0124950970691895,0.0147441577282958,0.0129449092010107,0.00988618670462609,0.0124051346428252
"SPDEF",0.0124950970691895,0.0147441577282958,0.0129449092010107,0.00988618670462609,0.0124051346428252
"SPEN",0.0124950970691895,0.0147441577282958,0.0129449092010107,0.00988618670462609,0.0124051346428252
"SPI1",0.0124950970691895,0.0147441577282958,0.0129449092010107,0.00988618670462609,0.0124051346428252
"SPIB",0.0124950970691895,0.0147441577282958,0.0129449092010107,0.00988618670462609,0.0124051346428252
"SPIC",0.0124950970691895,0.0147441577282958,0.0129449092010107,0.00988618670462609,0.0124051346428252
"SRCAP",0.0124950970691895,0.0147441577282958,0.0129449092010107,0.00988618670462609,0.0124051346428252
"SREBF1",0.0124950970691895,0.0147441577282958,0.0129449092010107,0.00988618670462609,0.0124051346428252
"SREBF2",0.0124950970691895,0.0147441577282958,0.0129449092010107,0.00988618670462609,0.0124051346428252
"SRF",0.0124950970691895,0.0147441577282958,0.0129449092010107,0.00988618670462609,0.0124051346428252
"SRSF1",0.0124950970691895,0.0147441577282958,0.0129449092010107,0.00988618670462609,0.0124051346428252
"SRY",0.0124950970691895,0.0147441577282958,0.0129449092010107,0.00988618670462609,0.0124051346428252
"SSB",0.0124950970691895,0.0147441577282958,0.0129449092010107,0.00988618670462609,0.0124051346428252
"SSX2",0.0124950970691895,0.0147441577282958,0.0129449092010107,0.00988618670462609,0.0124051346428252
"STAT1",0.0124950970691895,0.0147441577282958,0.0129449092010107,0.00988618670462609,0.0124051346428252
"STAT2",0.0124950970691895,0.0147441577282958,0.0129449092010107,0.00988618670462609,0.0124051346428252
"STAT3",0.0124950970691895,0.0147441577282958,0.0129449092010107,0.00988618670462609,0.0124051346428252
"STAT4",0.0124950970691895,0.0147441577282958,0.0129449092010107,0.00988618670462609,0.0124051346428252
"STAT5",0.0124950970691895,0.0147441577282958,0.0129449092010107,0.00988618670462609,0.0124051346428252
"STAT5A",0.0124950970691895,0.0147441577282958,0.0129449092010107,0.00988618670462609,0.0124051346428252
"STAT5B",0.0124950970691895,0.0147441577282958,0.0129449092010107,0.00988618670462609,0.0124051346428252
"STAT6",0.0124950970691895,0.0147441577282958,0.0129449092010107,0.00988618670462609,0.0124051346428252
"SUGP1",0.0124950970691895,0.0147441577282958,0.0129449092010107,0.00988618670462609,0.0124051346428252
"SUPT3H",0.0124950970691895,0.0147441577282958,0.0129449092010107,0.00988618670462609,0.0124051346428252
"SUZ12",0.0124950970691895,0.0147441577282958,0.0129449092010107,0.00988618670462609,0.0124051346428252
"TAF1",0.0124950970691895,0.0147441577282958,0.0129449092010107,0.00988618670462609,0.0124051346428252
"TAF4",0.0124950970691895,0.0147441577282958,0.0129449092010107,0.00988618670462609,0.0124051346428252
"TAF5",0.0124950970691895,0.0147441577282958,0.0129449092010107,0.00988618670462609,0.0124051346428252
"TAL1",0.0124950970691895,0.0147441577282958,0.0129449092010107,0.00988618670462609,0.0124051346428252
"TBC1D22A",0.0124950970691895,0.0147441577282958,0.0129449092010107,0.00988618670462609,0.0124051346428252
"TBL1X",0.0124950970691895,0.0147441577282958,0.0129449092010107,0.00988618670462609,0.0124051346428252
"TBP",0.0124950970691895,0.0147441577282958,0.0129449092010107,0.00988618670462609,0.0124051346428252
"TBPL1",0.0124950970691895,0.0147441577282958,0.0129449092010107,0.00988618670462609,0.0124051346428252
"TBR1",0.0124950970691895,0.0147441577282958,0.0129449092010107,0.00988618670462609,0.0124051346428252
"TBX2",0.0124950970691895,0.0147441577282958,0.0129449092010107,0.00988618670462609,0.0124051346428252
"TBX20",0.0124950970691895,0.0147441577282958,0.0129449092010107,0.00988618670462609,0.0124051346428252
"TBX21",0.0124950970691895,0.0147441577282958,0.0129449092010107,0.00988618670462609,0.0124051346428252
"TBX3",0.0124950970691895,0.0147441577282958,0.0129449092010107,0.00988618670462609,0.0124051346428252
"TBX5",0.0124950970691895,0.0147441577282958,0.0129449092010107,0.00988618670462609,0.0124051346428252
"TCF12",0.0124950970691895,0.0147441577282958,0.0129449092010107,0.00988618670462609,0.0124051346428252
"TCF19",0.0124950970691895,0.0147441577282958,0.0129449092010107,0.00988618670462609,0.0124051346428252
"TCF3",0.0124950970691895,0.0147441577282958,0.0129449092010107,0.00988618670462609,0.0124051346428252
"TCF4",0.0124950970691895,0.0147441577282958,0.0129449092010107,0.00988618670462609,0.0124051346428252
"TCF7",0.0124950970691895,0.0147441577282958,0.0129449092010107,0.00988618670462609,0.0124051346428252
"TCF7L2",0.0124950970691895,0.0147441577282958,0.0129449092010107,0.00988618670462609,0.0124051346428252
"TCFL5",0.0124950970691895,0.0147441577282958,0.0129449092010107,0.00988618670462609,0.0124051346428252
"TEAD1",0.0124950970691895,0.0147441577282958,0.0129449092010107,0.00988618670462609,0.0124051346428252
"TEAD4",0.0124950970691895,0.0147441577282958,0.0129449092010107,0.00988618670462609,0.0124051346428252
"TEF",0.0124950970691895,0.0147441577282958,0.0129449092010107,0.00988618670462609,0.0124051346428252
"TFAP2A",0.0124950970691895,0.0147441577282958,0.0129449092010107,0.00988618670462609,0.0124051346428252
"TFAP2B",0.0124950970691895,0.0147441577282958,0.0129449092010107,0.00988618670462609,0.0124051346428252
"TFAP2C",0.0124950970691895,0.0147441577282958,0.0129449092010107,0.00988618670462609,0.0124051346428252
"TFAP4",0.0124950970691895,0.0147441577282958,0.0129449092010107,0.00988618670462609,0.0124051346428252
"TFCP2",0.0124950970691895,0.0147441577282958,0.0129449092010107,0.00988618670462609,0.0124051346428252
"TFCP2L1",0.0124950970691895,0.0147441577282958,0.0129449092010107,0.00988618670462609,0.0124051346428252
"TFDP1",0.0124950970691895,0.0147441577282958,0.0129449092010107,0.00988618670462609,0.0124051346428252
"TFDP3",0.0124950970691895,0.0147441577282958,0.0129449092010107,0.00988618670462609,0.0124051346428252
"TFEB",0.0124950970691895,0.0147441577282958,0.0129449092010107,0.00988618670462609,0.0124051346428252
"TFPT",0.0124950970691895,0.0147441577282958,0.0129449092010107,0.00988618670462609,0.0124051346428252
"TGIF1",0.0124950970691895,0.0147441577282958,0.0129449092010107,0.00988618670462609,0.0124051346428252
"THRA",0.0124950970691895,0.0147441577282958,0.0129449092010107,0.00988618670462609,0.0124051346428252
"THRB",0.0124950970691895,0.0147441577282958,0.0129449092010107,0.00988618670462609,0.0124051346428252
"TIAL1",0.0124950970691895,0.0147441577282958,0.0129449092010107,0.00988618670462609,0.0124051346428252
"TLE3",0.0124950970691895,0.0147441577282958,0.0129449092010107,0.00988618670462609,0.0124051346428252
"TLX1",0.0124950970691895,0.0147441577282958,0.0129449092010107,0.00988618670462609,0.0124051346428252
"TNFAIP3",0.0124950970691895,0.0147441577282958,0.0129449092010107,0.00988618670462609,0.0124051346428252
"TOB1",0.0124950970691895,0.0147441577282958,0.0129449092010107,0.00988618670462609,0.0124051346428252
"TOP2B",0.0124950970691895,0.0147441577282958,0.0129449092010107,0.00988618670462609,0.0124051346428252
"TP53",0.0124950970691895,0.0147441577282958,0.0129449092010107,0.00988618670462609,0.0124051346428252
"TP53BP1",0.0124950970691895,0.0147441577282958,0.0129449092010107,0.00988618670462609,0.0124051346428252
"TP63",0.0124950970691895,0.0147441577282958,0.0129449092010107,0.00988618670462609,0.0124051346428252
"TP65",0.0124950970691895,0.0147441577282958,0.0129449092010107,0.00988618670462609,0.0124051346428252
"TP73",0.0124950970691895,0.0147441577282958,0.0129449092010107,0.00988618670462609,0.0124051346428252
"TRAF6",0.0124950970691895,0.0147441577282958,0.0129449092010107,0.00988618670462609,0.0124051346428252
"TRERF1",0.0124950970691895,0.0147441577282958,0.0129449092010107,0.00988618670462609,0.0124051346428252
"TRIB3",0.0124950970691895,0.0147441577282958,0.0129449092010107,0.00988618670462609,0.0124051346428252
"TRIM16",0.0124950970691895,0.0147441577282958,0.0129449092010107,0.00988618670462609,0.0124051346428252
"TRIM22",0.0124950970691895,0.0147441577282958,0.0129449092010107,0.00988618670462609,0.0124051346428252
"TRIM25",0.0124950970691895,0.0147441577282958,0.0129449092010107,0.00988618670462609,0.0124051346428252
"TRIM28",0.0124950970691895,0.0147441577282958,0.0129449092010107,0.00988618670462609,0.0124051346428252
"TRIP6",0.0124950970691895,0.0147441577282958,0.0129449092010107,0.00988618670462609,0.0124051346428252
"TRPS1",0.0124950970691895,0.0147441577282958,0.0129449092010107,0.00988618670462609,0.0124051346428252
"TRRAP",0.0124950970691895,0.0147441577282958,0.0129449092010107,0.00988618670462609,0.0124051346428252
"TSC22D1",0.0124950970691895,0.0147441577282958,0.0129449092010107,0.00988618670462609,0.0124051346428252
"TSC22D3",0.0124950970691895,0.0147441577282958,0.0129449092010107,0.00988618670462609,0.0124051346428252
"TSG101",0.0124950970691895,0.0147441577282958,0.0129449092010107,0.00988618670462609,0.0124051346428252
"TTF2",0.0124950970691895,0.0147441577282958,0.0129449092010107,0.00988618670462609,0.0124051346428252
"TWIST1",0.0124950970691895,0.0147441577282958,0.0129449092010107,0.00988618670462609,0.0124051346428252
"TWIST2",0.0124950970691895,0.0147441577282958,0.0129449092010107,0.00988618670462609,0.0124051346428252
"UBP1",0.0124950970691895,0.0147441577282958,0.0129449092010107,0.00988618670462609,0.0124051346428252
"UBTF",0.0124950970691895,0.0147441577282958,0.0129449092010107,0.00988618670462609,0.0124051346428252
"UHRF1",0.0124950970691895,0.0147441577282958,0.0129449092010107,0.00988618670462609,0.0124051346428252
"UPF1",0.0124950970691895,0.0147441577282958,0.0129449092010107,0.00988618670462609,0.0124051346428252
"UPF2",0.0124950970691895,0.0147441577282958,0.0129449092010107,0.00988618670462609,0.0124051346428252
"URI1",0.0124950970691895,0.0147441577282958,0.0129449092010107,0.00988618670462609,0.0124051346428252
"USF1",0.0124950970691895,0.0147441577282958,0.0129449092010107,0.00988618670462609,0.0124051346428252
"USF2",0.0124950970691895,0.0147441577282958,0.0129449092010107,0.00988618670462609,0.0124051346428252
"UTF1",0.0124950970691895,0.0147441577282958,0.0129449092010107,0.00988618670462609,0.0124051346428252
"VDR",0.0124950970691895,0.0147441577282958,0.0129449092010107,0.00988618670462609,0.0124051346428252
"VEZF1",0.0124950970691895,0.0147441577282958,0.0129449092010107,0.00988618670462609,0.0124051346428252
"VHL",0.0124950970691895,0.0147441577282958,0.0129449092010107,0.00988618670462609,0.0124051346428252
"WDR5",0.0124950970691895,0.0147441577282958,0.0129449092010107,0.00988618670462609,0.0124051346428252
"WHSC1",0.0124950970691895,0.0147441577282958,0.0129449092010107,0.00988618670462609,0.0124051346428252
"WT1",0.0124950970691895,0.0147441577282958,0.0129449092010107,0.00988618670462609,0.0124051346428252
"WWP1",0.0124950970691895,0.0147441577282958,0.0129449092010107,0.00988618670462609,0.0124051346428252
"WWTR1",0.0124950970691895,0.0147441577282958,0.0129449092010107,0.00988618670462609,0.0124051346428252
"XBP1",0.0124950970691895,0.0147441577282958,0.0129449092010107,0.00988618670462609,0.0124051346428252
"XPC",0.0124950970691895,0.0147441577282958,0.0129449092010107,0.00988618670462609,0.0124051346428252
"XRCC5",0.0124950970691895,0.0147441577282958,0.0129449092010107,0.00988618670462609,0.0124051346428252
"XRCC6",0.0124950970691895,0.0147441577282958,0.0129449092010107,0.00988618670462609,0.0124051346428252
"YBX1",0.0124950970691895,0.0147441577282958,0.0129449092010107,0.00988618670462609,0.0124051346428252
"YEATS4",0.0124950970691895,0.0147441577282958,0.0129449092010107,0.00988618670462609,0.0124051346428252
"YY1",0.0124950970691895,0.0147441577282958,0.0129449092010107,0.00988618670462609,0.0124051346428252
"ZBTB14",0.0124950970691895,0.0147441577282958,0.0129449092010107,0.00988618670462609,0.0124051346428252
"ZBTB16",0.0124950970691895,0.0147441577282958,0.0129449092010107,0.00988618670462609,0.0124051346428252
"ZBTB17",0.0124950970691895,0.0147441577282958,0.0129449092010107,0.00988618670462609,0.0124051346428252
"ZBTB2",0.0124950970691895,0.0147441577282958,0.0129449092010107,0.00988618670462609,0.0124051346428252
"ZBTB5",0.0124950970691895,0.0147441577282958,0.0129449092010107,0.00988618670462609,0.0124051346428252
"ZBTB7A",0.0124950970691895,0.0147441577282958,0.0129449092010107,0.00988618670462609,0.0124051346428252
"ZEB1",0.0124950970691895,0.0147441577282958,0.0129449092010107,0.00988618670462609,0.0124051346428252
"ZEB2",0.0124950970691895,0.0147441577282958,0.0129449092010107,0.00988618670462609,0.0124051346428252
"ZFHX3",0.0124950970691895,0.0147441577282958,0.0129449092010107,0.00988618670462609,0.0124051346428252
"ZFP36",0.0124950970691895,0.0147441577282958,0.0129449092010107,0.00988618670462609,0.0124051346428252
"ZFP36L1",0.0124950970691895,0.0147441577282958,0.0129449092010107,0.00988618670462609,0.0124051346428252
"ZHX2",0.0124950970691895,0.0147441577282958,0.0129449092010107,0.00988618670462609,0.0124051346428252
"ZIC1",0.0124950970691895,0.0147441577282958,0.0129449092010107,0.00988618670462609,0.0124051346428252
"ZIC2",0.0124950970691895,0.0147441577282958,0.0129449092010107,0.00988618670462609,0.0124051346428252
"ZIC3",0.0124950970691895,0.0147441577282958,0.0129449092010107,0.00988618670462609,0.0124051346428252
"ZMYND11",0.0124950970691895,0.0147441577282958,0.0129449092010107,0.00988618670462609,0.0124051346428252
"ZNF143",0.0124950970691895,0.0147441577282958,0.0129449092010107,0.00988618670462609,0.0124051346428252
"ZNF148",0.0124950970691895,0.0147441577282958,0.0129449092010107,0.00988618670462609,0.0124051346428252
"ZNF160",0.0124950970691895,0.0147441577282958,0.0129449092010107,0.00988618670462609,0.0124051346428252
"ZNF175",0.0124950970691895,0.0147441577282958,0.0129449092010107,0.00988618670462609,0.0124051346428252
"ZNF202",0.0124950970691895,0.0147441577282958,0.0129449092010107,0.00988618670462609,0.0124051346428252
"ZNF217",0.0124950970691895,0.0147441577282958,0.0129449092010107,0.00988618670462609,0.0124051346428252
"ZNF224",0.0124950970691895,0.0147441577282958,0.0129449092010107,0.00988618670462609,0.0124051346428252
"ZNF239",0.0124950970691895,0.0147441577282958,0.0129449092010107,0.00988618670462609,0.0124051346428252
"ZNF24",0.0124950970691895,0.0147441577282958,0.0129449092010107,0.00988618670462609,0.0124051346428252
"ZNF267",0.0124950970691895,0.0147441577282958,0.0129449092010107,0.00988618670462609,0.0124051346428252
"ZNF300",0.0124950970691895,0.0147441577282958,0.0129449092010107,0.00988618670462609,0.0124051346428252
"ZNF335",0.0124950970691895,0.0147441577282958,0.0129449092010107,0.00988618670462609,0.0124051346428252
"ZNF350",0.0124950970691895,0.0147441577282958,0.0129449092010107,0.00988618670462609,0.0124051346428252
"ZNF382",0.0124950970691895,0.0147441577282958,0.0129449092010107,0.00988618670462609,0.0124051346428252
"ZNF383",0.0124950970691895,0.0147441577282958,0.0129449092010107,0.00988618670462609,0.0124051346428252
"ZNF410",0.0124950970691895,0.0147441577282958,0.0129449092010107,0.00988618670462609,0.0124051346428252
"ZNF423",0.0124950970691895,0.0147441577282958,0.0129449092010107,0.00988618670462609,0.0124051346428252
"ZNF444",0.0124950970691895,0.0147441577282958,0.0129449092010107,0.00988618670462609,0.0124051346428252
"ZNF76",0.0124950970691895,0.0147441577282958,0.0129449092010107,0.00988618670462609,0.0124051346428252
"ZNRD1",0.0124950970691895,0.0147441577282958,0.0129449092010107,0.00988618670462609,0.0124051346428252
